customer_id,customer_name,rebate_code,rebate_amount_eur,period,notes
00001,Filler Customer 001,FB-001,105.00,2025-Q1,Deterministic filler row
00002,Filler Customer 002,FB-002,110.00,2025-Q1,Deterministic filler row
00003,Filler Customer 003,FB-003,115.00,2025-Q1,Deterministic filler row
00004,Filler Customer 004,FB-004,120.00,2025-Q1,Deterministic filler row
00005,Filler Customer 005,FB-005,125.00,2025-Q1,Deterministic filler row
00006,Filler Customer 006,FB-006,130.00,2025-Q1,Deterministic filler row
00007,Filler Customer 007,FB-007,100.00,2025-Q1,Deterministic filler row
00008,Filler Customer 008,FB-008,105.00,2025-Q1,Deterministic filler row
00009,Filler Customer 009,FB-009,110.00,2025-Q1,Deterministic filler row
00010,Filler Customer 010,FB-010,115.00,2025-Q1,Deterministic filler row
00011,Filler Customer 011,FB-011,120.00,2025-Q1,Deterministic filler row
00012,Filler Customer 012,FB-012,125.00,2025-Q1,Deterministic filler row
00013,Filler Customer 013,FB-013,130.00,2025-Q1,Deterministic filler row
00014,Filler Customer 014,FB-014,100.00,2025-Q1,Deterministic filler row
00015,Filler Customer 015,FB-015,105.00,2025-Q1,Deterministic filler row
00016,Filler Customer 016,FB-016,110.00,2025-Q1,Deterministic filler row
00017,Filler Customer 017,FB-017,115.00,2025-Q1,Deterministic filler row
00018,Filler Customer 018,FB-018,120.00,2025-Q1,Deterministic filler row
00019,Filler Customer 019,FB-019,125.00,2025-Q1,Deterministic filler row
00020,Filler Customer 020,FB-020,130.00,2025-Q1,Deterministic filler row
00021,Filler Customer 021,FB-021,100.00,2025-Q1,Deterministic filler row
00022,Filler Customer 022,FB-022,105.00,2025-Q1,Deterministic filler row
00023,Filler Customer 023,FB-023,110.00,2025-Q1,Deterministic filler row
00024,Filler Customer 024,FB-024,115.00,2025-Q1,Deterministic filler row
00025,Filler Customer 025,FB-025,120.00,2025-Q1,Deterministic filler row
00026,Filler Customer 026,FB-026,125.00,2025-Q1,Deterministic filler row
00027,Filler Customer 027,FB-027,130.00,2025-Q1,Deterministic filler row
00028,Filler Customer 028,FB-028,100.00,2025-Q1,Deterministic filler row
00029,Filler Customer 029,FB-029,105.00,2025-Q1,Deterministic filler row
00030,Filler Customer 030,FB-030,110.00,2025-Q1,Deterministic filler row
00031,Filler Customer 031,FB-031,115.00,2025-Q1,Deterministic filler row
00032,Filler Customer 032,FB-032,120.00,2025-Q1,Deterministic filler row
00033,Filler Customer 033,FB-033,125.00,2025-Q1,Deterministic filler row
00034,Filler Customer 034,FB-034,130.00,2025-Q1,Deterministic filler row
00035,Filler Customer 035,FB-035,100.00,2025-Q1,Deterministic filler row
00036,Filler Customer 036,FB-036,105.00,2025-Q1,Deterministic filler row
00037,Filler Customer 037,FB-037,110.00,2025-Q1,Deterministic filler row
00038,Filler Customer 038,FB-038,115.00,2025-Q1,Deterministic filler row
00039,Filler Customer 039,FB-039,120.00,2025-Q1,Deterministic filler row
00040,Filler Customer 040,FB-040,125.00,2025-Q1,Deterministic filler row
00041,Filler Customer 041,FB-041,130.00,2025-Q1,Deterministic filler row
00042,Filler Customer 042,FB-042,100.00,2025-Q1,Deterministic filler row
00043,Filler Customer 043,FB-043,105.00,2025-Q1,Deterministic filler row
00044,Filler Customer 044,FB-044,110.00,2025-Q1,Deterministic filler row
00045,Filler Customer 045,FB-045,115.00,2025-Q1,Deterministic filler row
00046,Filler Customer 046,FB-046,120.00,2025-Q1,Deterministic filler row
00047,Filler Customer 047,FB-047,125.00,2025-Q1,Deterministic filler row
00048,Filler Customer 048,FB-048,130.00,2025-Q1,Deterministic filler row
00049,Filler Customer 049,FB-049,100.00,2025-Q1,Deterministic filler row
00050,Filler Customer 050,FB-050,105.00,2025-Q1,Deterministic filler row
00051,Filler Customer 051,FB-051,110.00,2025-Q1,Deterministic filler row
00052,Filler Customer 052,FB-052,115.00,2025-Q1,Deterministic filler row
00053,Filler Customer 053,FB-053,120.00,2025-Q1,Deterministic filler row
00054,Filler Customer 054,FB-054,125.00,2025-Q1,Deterministic filler row
00055,Filler Customer 055,FB-055,130.00,2025-Q1,Deterministic filler row
00056,Filler Customer 056,FB-056,100.00,2025-Q1,Deterministic filler row
00057,Filler Customer 057,FB-057,105.00,2025-Q1,Deterministic filler row
00058,Filler Customer 058,FB-058,110.00,2025-Q1,Deterministic filler row
00059,Filler Customer 059,FB-059,115.00,2025-Q1,Deterministic filler row
00060,Filler Customer 060,FB-060,120.00,2025-Q1,Deterministic filler row
00061,Filler Customer 061,FB-061,125.00,2025-Q1,Deterministic filler row
00062,Filler Customer 062,FB-062,130.00,2025-Q1,Deterministic filler row
00063,Filler Customer 063,FB-063,100.00,2025-Q1,Deterministic filler row
00064,Filler Customer 064,FB-064,105.00,2025-Q1,Deterministic filler row
00065,Filler Customer 065,FB-065,110.00,2025-Q1,Deterministic filler row
00066,Filler Customer 066,FB-066,115.00,2025-Q1,Deterministic filler row
00067,Filler Customer 067,FB-067,120.00,2025-Q1,Deterministic filler row
00068,Filler Customer 068,FB-068,125.00,2025-Q1,Deterministic filler row
00069,Filler Customer 069,FB-069,130.00,2025-Q1,Deterministic filler row
00070,Filler Customer 070,FB-070,100.00,2025-Q1,Deterministic filler row
00071,Filler Customer 071,FB-071,105.00,2025-Q1,Deterministic filler row
00072,Filler Customer 072,FB-072,110.00,2025-Q1,Deterministic filler row
00073,Filler Customer 073,FB-073,115.00,2025-Q1,Deterministic filler row
00074,Filler Customer 074,FB-074,120.00,2025-Q1,Deterministic filler row
00075,Filler Customer 075,FB-075,125.00,2025-Q1,Deterministic filler row
00076,Filler Customer 076,FB-076,130.00,2025-Q1,Deterministic filler row
00077,Filler Customer 077,FB-077,100.00,2025-Q1,Deterministic filler row
00078,Filler Customer 078,FB-078,105.00,2025-Q1,Deterministic filler row
00079,Filler Customer 079,FB-079,110.00,2025-Q1,Deterministic filler row
00080,Filler Customer 080,FB-080,115.00,2025-Q1,Deterministic filler row
00081,Filler Customer 081,FB-081,120.00,2025-Q1,Deterministic filler row
00082,Filler Customer 082,FB-082,125.00,2025-Q1,Deterministic filler row
00083,Filler Customer 083,FB-083,130.00,2025-Q1,Deterministic filler row
00084,Filler Customer 084,FB-084,100.00,2025-Q1,Deterministic filler row
00085,Filler Customer 085,FB-085,105.00,2025-Q1,Deterministic filler row
00086,Filler Customer 086,FB-086,110.00,2025-Q1,Deterministic filler row
00087,Filler Customer 087,FB-087,115.00,2025-Q1,Deterministic filler row
00088,Filler Customer 088,FB-088,120.00,2025-Q1,Deterministic filler row
00089,Filler Customer 089,FB-089,125.00,2025-Q1,Deterministic filler row
00090,Filler Customer 090,FB-090,130.00,2025-Q1,Deterministic filler row
00091,Filler Customer 091,FB-091,100.00,2025-Q1,Deterministic filler row
00092,Filler Customer 092,FB-092,105.00,2025-Q1,Deterministic filler row
00093,Filler Customer 093,FB-093,110.00,2025-Q1,Deterministic filler row
00094,Filler Customer 094,FB-094,115.00,2025-Q1,Deterministic filler row
00095,Filler Customer 095,FB-095,120.00,2025-Q1,Deterministic filler row
00096,Filler Customer 096,FB-096,125.00,2025-Q1,Deterministic filler row
00097,Filler Customer 097,FB-097,130.00,2025-Q1,Deterministic filler row
00098,Filler Customer 098,FB-098,100.00,2025-Q1,Deterministic filler row
00099,Filler Customer 099,FB-099,105.00,2025-Q1,Deterministic filler row
00100,Filler Customer 100,FB-100,110.00,2025-Q1,Deterministic filler row
00101,Filler Customer 101,FB-101,115.00,2025-Q1,Deterministic filler row
00102,Filler Customer 102,FB-102,120.00,2025-Q1,Deterministic filler row
00103,Filler Customer 103,FB-103,125.00,2025-Q1,Deterministic filler row
00104,Filler Customer 104,FB-104,130.00,2025-Q1,Deterministic filler row
00105,Filler Customer 105,FB-105,100.00,2025-Q1,Deterministic filler row
00106,Filler Customer 106,FB-106,105.00,2025-Q1,Deterministic filler row
00107,Filler Customer 107,FB-107,110.00,2025-Q1,Deterministic filler row
00108,Filler Customer 108,FB-108,115.00,2025-Q1,Deterministic filler row
00109,Filler Customer 109,FB-109,120.00,2025-Q1,Deterministic filler row
00110,Filler Customer 110,FB-110,125.00,2025-Q1,Deterministic filler row
00111,Filler Customer 111,FB-111,130.00,2025-Q1,Deterministic filler row
00112,Filler Customer 112,FB-112,100.00,2025-Q1,Deterministic filler row
00113,Filler Customer 113,FB-113,105.00,2025-Q1,Deterministic filler row
00114,Filler Customer 114,FB-114,110.00,2025-Q1,Deterministic filler row
00115,Filler Customer 115,FB-115,115.00,2025-Q1,Deterministic filler row
00116,Filler Customer 116,FB-116,120.00,2025-Q1,Deterministic filler row
00117,Filler Customer 117,FB-117,125.00,2025-Q1,Deterministic filler row
00118,Filler Customer 118,FB-118,130.00,2025-Q1,Deterministic filler row
00119,Filler Customer 119,FB-119,100.00,2025-Q1,Deterministic filler row
00120,Filler Customer 120,FB-120,105.00,2025-Q1,Deterministic filler row
00121,Filler Customer 121,FB-121,110.00,2025-Q1,Deterministic filler row
00122,Filler Customer 122,FB-122,115.00,2025-Q1,Deterministic filler row
00123,Filler Customer 123,FB-123,120.00,2025-Q1,Deterministic filler row
00124,Filler Customer 124,FB-124,125.00,2025-Q1,Deterministic filler row
00125,Filler Customer 125,FB-125,130.00,2025-Q1,Deterministic filler row
00126,Filler Customer 126,FB-126,100.00,2025-Q1,Deterministic filler row
00127,Filler Customer 127,FB-127,105.00,2025-Q1,Deterministic filler row
00128,Filler Customer 128,FB-128,110.00,2025-Q1,Deterministic filler row
00129,Filler Customer 129,FB-129,115.00,2025-Q1,Deterministic filler row
00130,Filler Customer 130,FB-130,120.00,2025-Q1,Deterministic filler row
00131,Filler Customer 131,FB-131,125.00,2025-Q1,Deterministic filler row
00132,Filler Customer 132,FB-132,130.00,2025-Q1,Deterministic filler row
00133,Filler Customer 133,FB-133,100.00,2025-Q1,Deterministic filler row
00134,Filler Customer 134,FB-134,105.00,2025-Q1,Deterministic filler row
00135,Filler Customer 135,FB-135,110.00,2025-Q1,Deterministic filler row
00136,Filler Customer 136,FB-136,115.00,2025-Q1,Deterministic filler row
00137,Filler Customer 137,FB-137,120.00,2025-Q1,Deterministic filler row
00138,Filler Customer 138,FB-138,125.00,2025-Q1,Deterministic filler row
00139,Filler Customer 139,FB-139,130.00,2025-Q1,Deterministic filler row
00140,Filler Customer 140,FB-140,100.00,2025-Q1,Deterministic filler row
00141,Filler Customer 141,FB-141,105.00,2025-Q1,Deterministic filler row
00142,Filler Customer 142,FB-142,110.00,2025-Q1,Deterministic filler row
00143,Filler Customer 143,FB-143,115.00,2025-Q1,Deterministic filler row
00144,Filler Customer 144,FB-144,120.00,2025-Q1,Deterministic filler row
00145,Filler Customer 145,FB-145,125.00,2025-Q1,Deterministic filler row
00146,Filler Customer 146,FB-146,130.00,2025-Q1,Deterministic filler row
00147,Filler Customer 147,FB-147,100.00,2025-Q1,Deterministic filler row
00148,Filler Customer 148,FB-148,105.00,2025-Q1,Deterministic filler row
00149,Filler Customer 149,FB-149,110.00,2025-Q1,Deterministic filler row
00150,Filler Customer 150,FB-150,115.00,2025-Q1,Deterministic filler row
00151,Filler Customer 151,FB-151,120.00,2025-Q1,Deterministic filler row
00152,Filler Customer 152,FB-152,125.00,2025-Q1,Deterministic filler row
00153,Filler Customer 153,FB-153,130.00,2025-Q1,Deterministic filler row
00154,Filler Customer 154,FB-154,100.00,2025-Q1,Deterministic filler row
00155,Filler Customer 155,FB-155,105.00,2025-Q1,Deterministic filler row
00156,Filler Customer 156,FB-156,110.00,2025-Q1,Deterministic filler row
00157,Filler Customer 157,FB-157,115.00,2025-Q1,Deterministic filler row
00158,Filler Customer 158,FB-158,120.00,2025-Q1,Deterministic filler row
00159,Filler Customer 159,FB-159,125.00,2025-Q1,Deterministic filler row
00160,Filler Customer 160,FB-160,130.00,2025-Q1,Deterministic filler row
00161,Filler Customer 161,FB-161,100.00,2025-Q1,Deterministic filler row
00162,Filler Customer 162,FB-162,105.00,2025-Q1,Deterministic filler row
00163,Filler Customer 163,FB-163,110.00,2025-Q1,Deterministic filler row
00164,Filler Customer 164,FB-164,115.00,2025-Q1,Deterministic filler row
00165,Filler Customer 165,FB-165,120.00,2025-Q1,Deterministic filler row
00166,Filler Customer 166,FB-166,125.00,2025-Q1,Deterministic filler row
00167,Filler Customer 167,FB-167,130.00,2025-Q1,Deterministic filler row
00168,Filler Customer 168,FB-168,100.00,2025-Q1,Deterministic filler row
00169,Filler Customer 169,FB-169,105.00,2025-Q1,Deterministic filler row
00170,Filler Customer 170,FB-170,110.00,2025-Q1,Deterministic filler row
00171,Filler Customer 171,FB-171,115.00,2025-Q1,Deterministic filler row
00172,Filler Customer 172,FB-172,120.00,2025-Q1,Deterministic filler row
00173,Filler Customer 173,FB-173,125.00,2025-Q1,Deterministic filler row
00174,Filler Customer 174,FB-174,130.00,2025-Q1,Deterministic filler row
00175,Filler Customer 175,FB-175,100.00,2025-Q1,Deterministic filler row
00176,Filler Customer 176,FB-176,105.00,2025-Q1,Deterministic filler row
00177,Filler Customer 177,FB-177,110.00,2025-Q1,Deterministic filler row
00178,Filler Customer 178,FB-178,115.00,2025-Q1,Deterministic filler row
00179,Filler Customer 179,FB-179,120.00,2025-Q1,Deterministic filler row
00180,Filler Customer 180,FB-180,125.00,2025-Q1,Deterministic filler row
00181,Filler Customer 181,FB-181,130.00,2025-Q1,Deterministic filler row
00182,Filler Customer 182,FB-182,100.00,2025-Q1,Deterministic filler row
00183,Filler Customer 183,FB-183,105.00,2025-Q1,Deterministic filler row
00184,Filler Customer 184,FB-184,110.00,2025-Q1,Deterministic filler row
00185,Filler Customer 185,FB-185,115.00,2025-Q1,Deterministic filler row
00186,Filler Customer 186,FB-186,120.00,2025-Q1,Deterministic filler row
00187,Filler Customer 187,FB-187,125.00,2025-Q1,Deterministic filler row
00188,Filler Customer 188,FB-188,130.00,2025-Q1,Deterministic filler row
00189,Filler Customer 189,FB-189,100.00,2025-Q1,Deterministic filler row
00190,Filler Customer 190,FB-190,105.00,2025-Q1,Deterministic filler row
00191,Filler Customer 191,FB-191,110.00,2025-Q1,Deterministic filler row
00192,Filler Customer 192,FB-192,115.00,2025-Q1,Deterministic filler row
00193,Filler Customer 193,FB-193,120.00,2025-Q1,Deterministic filler row
00194,Filler Customer 194,FB-194,125.00,2025-Q1,Deterministic filler row
00195,Filler Customer 195,FB-195,130.00,2025-Q1,Deterministic filler row
00196,Filler Customer 196,FB-196,100.00,2025-Q1,Deterministic filler row
00197,Filler Customer 197,FB-197,105.00,2025-Q1,Deterministic filler row
00198,Filler Customer 198,FB-198,110.00,2025-Q1,Deterministic filler row
00199,Filler Customer 199,FB-199,115.00,2025-Q1,Deterministic filler row
00200,Filler Customer 200,FB-200,120.00,2025-Q1,Deterministic filler row
00201,Filler Customer 201,FB-201,125.00,2025-Q1,Deterministic filler row
00202,Filler Customer 202,FB-202,130.00,2025-Q1,Deterministic filler row
00203,Filler Customer 203,FB-203,100.00,2025-Q1,Deterministic filler row
00204,Filler Customer 204,FB-204,105.00,2025-Q1,Deterministic filler row
00205,Filler Customer 205,FB-205,110.00,2025-Q1,Deterministic filler row
00206,Filler Customer 206,FB-206,115.00,2025-Q1,Deterministic filler row
00207,Filler Customer 207,FB-207,120.00,2025-Q1,Deterministic filler row
00208,Filler Customer 208,FB-208,125.00,2025-Q1,Deterministic filler row
00209,Filler Customer 209,FB-209,130.00,2025-Q1,Deterministic filler row
00210,Filler Customer 210,FB-210,100.00,2025-Q1,Deterministic filler row
00211,Filler Customer 211,FB-211,105.00,2025-Q1,Deterministic filler row
00212,Filler Customer 212,FB-212,110.00,2025-Q1,Deterministic filler row
00213,Filler Customer 213,FB-213,115.00,2025-Q1,Deterministic filler row
00214,Filler Customer 214,FB-214,120.00,2025-Q1,Deterministic filler row
00215,Filler Customer 215,FB-215,125.00,2025-Q1,Deterministic filler row
00216,Filler Customer 216,FB-216,130.00,2025-Q1,Deterministic filler row
00217,Filler Customer 217,FB-217,100.00,2025-Q1,Deterministic filler row
00218,Filler Customer 218,FB-218,105.00,2025-Q1,Deterministic filler row
00219,Filler Customer 219,FB-219,110.00,2025-Q1,Deterministic filler row
00220,Filler Customer 220,FB-220,115.00,2025-Q1,Deterministic filler row
00221,Filler Customer 221,FB-221,120.00,2025-Q1,Deterministic filler row
00222,Filler Customer 222,FB-222,125.00,2025-Q1,Deterministic filler row
00223,Filler Customer 223,FB-223,130.00,2025-Q1,Deterministic filler row
00224,Filler Customer 224,FB-224,100.00,2025-Q1,Deterministic filler row
00225,Filler Customer 225,FB-225,105.00,2025-Q1,Deterministic filler row
00226,Filler Customer 226,FB-226,110.00,2025-Q1,Deterministic filler row
00227,Filler Customer 227,FB-227,115.00,2025-Q1,Deterministic filler row
00228,Filler Customer 228,FB-228,120.00,2025-Q1,Deterministic filler row
00229,Filler Customer 229,FB-229,125.00,2025-Q1,Deterministic filler row
00230,Filler Customer 230,FB-230,130.00,2025-Q1,Deterministic filler row
00231,Filler Customer 231,FB-231,100.00,2025-Q1,Deterministic filler row
00232,Filler Customer 232,FB-232,105.00,2025-Q1,Deterministic filler row
00233,Filler Customer 233,FB-233,110.00,2025-Q1,Deterministic filler row
00234,Filler Customer 234,FB-234,115.00,2025-Q1,Deterministic filler row
00235,Filler Customer 235,FB-235,120.00,2025-Q1,Deterministic filler row
00236,Filler Customer 236,FB-236,125.00,2025-Q1,Deterministic filler row
00237,Filler Customer 237,FB-237,130.00,2025-Q1,Deterministic filler row
00238,Filler Customer 238,FB-238,100.00,2025-Q1,Deterministic filler row
00239,Filler Customer 239,FB-239,105.00,2025-Q1,Deterministic filler row
00240,Filler Customer 240,FB-240,110.00,2025-Q1,Deterministic filler row
00241,Filler Customer 241,FB-241,115.00,2025-Q1,Deterministic filler row
00242,Filler Customer 242,FB-242,120.00,2025-Q1,Deterministic filler row
00243,Filler Customer 243,FB-243,125.00,2025-Q1,Deterministic filler row
00244,Filler Customer 244,FB-244,130.00,2025-Q1,Deterministic filler row
00245,Filler Customer 245,FB-245,100.00,2025-Q1,Deterministic filler row
00246,Filler Customer 246,FB-246,105.00,2025-Q1,Deterministic filler row
00247,Filler Customer 247,FB-247,110.00,2025-Q1,Deterministic filler row
00248,Filler Customer 248,FB-248,115.00,2025-Q1,Deterministic filler row
00249,Filler Customer 249,FB-249,120.00,2025-Q1,Deterministic filler row
00250,Filler Customer 250,FB-250,125.00,2025-Q1,Deterministic filler row
00251,Filler Customer 251,FB-251,130.00,2025-Q1,Deterministic filler row
00252,Filler Customer 252,FB-252,100.00,2025-Q1,Deterministic filler row
00253,Filler Customer 253,FB-253,105.00,2025-Q1,Deterministic filler row
00254,Filler Customer 254,FB-254,110.00,2025-Q1,Deterministic filler row
00255,Filler Customer 255,FB-255,115.00,2025-Q1,Deterministic filler row
00256,Filler Customer 256,FB-256,120.00,2025-Q1,Deterministic filler row
00257,Filler Customer 257,FB-257,125.00,2025-Q1,Deterministic filler row
00258,Filler Customer 258,FB-258,130.00,2025-Q1,Deterministic filler row
00259,Filler Customer 259,FB-259,100.00,2025-Q1,Deterministic filler row
00260,Filler Customer 260,FB-260,105.00,2025-Q1,Deterministic filler row
00261,Filler Customer 261,FB-261,110.00,2025-Q1,Deterministic filler row
00262,Filler Customer 262,FB-262,115.00,2025-Q1,Deterministic filler row
00263,Filler Customer 263,FB-263,120.00,2025-Q1,Deterministic filler row
00264,Filler Customer 264,FB-264,125.00,2025-Q1,Deterministic filler row
00265,Filler Customer 265,FB-265,130.00,2025-Q1,Deterministic filler row
00266,Filler Customer 266,FB-266,100.00,2025-Q1,Deterministic filler row
00267,Filler Customer 267,FB-267,105.00,2025-Q1,Deterministic filler row
00268,Filler Customer 268,FB-268,110.00,2025-Q1,Deterministic filler row
00269,Filler Customer 269,FB-269,115.00,2025-Q1,Deterministic filler row
00270,Filler Customer 270,FB-270,120.00,2025-Q1,Deterministic filler row
00271,Filler Customer 271,FB-271,125.00,2025-Q1,Deterministic filler row
00272,Filler Customer 272,FB-272,130.00,2025-Q1,Deterministic filler row
00273,Filler Customer 273,FB-273,100.00,2025-Q1,Deterministic filler row
00274,Filler Customer 274,FB-274,105.00,2025-Q1,Deterministic filler row
00275,Filler Customer 275,FB-275,110.00,2025-Q1,Deterministic filler row
00276,Filler Customer 276,FB-276,115.00,2025-Q1,Deterministic filler row
00277,Filler Customer 277,FB-277,120.00,2025-Q1,Deterministic filler row
00278,Filler Customer 278,FB-278,125.00,2025-Q1,Deterministic filler row
00279,Filler Customer 279,FB-279,130.00,2025-Q1,Deterministic filler row
00280,Filler Customer 280,FB-280,100.00,2025-Q1,Deterministic filler row
00281,Filler Customer 281,FB-281,105.00,2025-Q1,Deterministic filler row
00282,Filler Customer 282,FB-282,110.00,2025-Q1,Deterministic filler row
00283,Filler Customer 283,FB-283,115.00,2025-Q1,Deterministic filler row
00284,Filler Customer 284,FB-284,120.00,2025-Q1,Deterministic filler row
00285,Filler Customer 285,FB-285,125.00,2025-Q1,Deterministic filler row
00286,Filler Customer 286,FB-286,130.00,2025-Q1,Deterministic filler row
00287,Filler Customer 287,FB-287,100.00,2025-Q1,Deterministic filler row
00288,Filler Customer 288,FB-288,105.00,2025-Q1,Deterministic filler row
00289,Filler Customer 289,FB-289,110.00,2025-Q1,Deterministic filler row
00290,Filler Customer 290,FB-290,115.00,2025-Q1,Deterministic filler row
00291,Filler Customer 291,FB-291,120.00,2025-Q1,Deterministic filler row
00292,Filler Customer 292,FB-292,125.00,2025-Q1,Deterministic filler row
00293,Filler Customer 293,FB-293,130.00,2025-Q1,Deterministic filler row
00294,Filler Customer 294,FB-294,100.00,2025-Q1,Deterministic filler row
00295,Filler Customer 295,FB-295,105.00,2025-Q1,Deterministic filler row
00296,Filler Customer 296,FB-296,110.00,2025-Q1,Deterministic filler row
00297,Filler Customer 297,FB-297,115.00,2025-Q1,Deterministic filler row
00298,Filler Customer 298,FB-298,120.00,2025-Q1,Deterministic filler row
00299,Filler Customer 299,FB-299,125.00,2025-Q1,Deterministic filler row
00300,Filler Customer 300,FB-300,130.00,2025-Q1,Deterministic filler row
00301,Filler Customer 301,FB-301,100.00,2025-Q1,Deterministic filler row
00302,Filler Customer 302,FB-302,105.00,2025-Q1,Deterministic filler row
00303,Filler Customer 303,FB-303,110.00,2025-Q1,Deterministic filler row
00304,Filler Customer 304,FB-304,115.00,2025-Q1,Deterministic filler row
00305,Filler Customer 305,FB-305,120.00,2025-Q1,Deterministic filler row
00306,Filler Customer 306,FB-306,125.00,2025-Q1,Deterministic filler row
00307,Filler Customer 307,FB-307,130.00,2025-Q1,Deterministic filler row
00308,Filler Customer 308,FB-308,100.00,2025-Q1,Deterministic filler row
00309,Filler Customer 309,FB-309,105.00,2025-Q1,Deterministic filler row
00310,Filler Customer 310,FB-310,110.00,2025-Q1,Deterministic filler row
00311,Filler Customer 311,FB-311,115.00,2025-Q1,Deterministic filler row
00312,Filler Customer 312,FB-312,120.00,2025-Q1,Deterministic filler row
00313,Filler Customer 313,FB-313,125.00,2025-Q1,Deterministic filler row
00314,Filler Customer 314,FB-314,130.00,2025-Q1,Deterministic filler row
00315,Filler Customer 315,FB-315,100.00,2025-Q1,Deterministic filler row
00316,Filler Customer 316,FB-316,105.00,2025-Q1,Deterministic filler row
00317,Filler Customer 317,FB-317,110.00,2025-Q1,Deterministic filler row
00318,Filler Customer 318,FB-318,115.00,2025-Q1,Deterministic filler row
00319,Filler Customer 319,FB-319,120.00,2025-Q1,Deterministic filler row
00320,Filler Customer 320,FB-320,125.00,2025-Q1,Deterministic filler row
00321,Filler Customer 321,FB-321,130.00,2025-Q1,Deterministic filler row
00322,Filler Customer 322,FB-322,100.00,2025-Q1,Deterministic filler row
00323,Filler Customer 323,FB-323,105.00,2025-Q1,Deterministic filler row
00324,Filler Customer 324,FB-324,110.00,2025-Q1,Deterministic filler row
00325,Filler Customer 325,FB-325,115.00,2025-Q1,Deterministic filler row
00326,Filler Customer 326,FB-326,120.00,2025-Q1,Deterministic filler row
00327,Filler Customer 327,FB-327,125.00,2025-Q1,Deterministic filler row
00328,Filler Customer 328,FB-328,130.00,2025-Q1,Deterministic filler row
00329,Filler Customer 329,FB-329,100.00,2025-Q1,Deterministic filler row
00330,Filler Customer 330,FB-330,105.00,2025-Q1,Deterministic filler row
00331,Filler Customer 331,FB-331,110.00,2025-Q1,Deterministic filler row
00332,Filler Customer 332,FB-332,115.00,2025-Q1,Deterministic filler row
00333,Filler Customer 333,FB-333,120.00,2025-Q1,Deterministic filler row
00334,Filler Customer 334,FB-334,125.00,2025-Q1,Deterministic filler row
00335,Filler Customer 335,FB-335,130.00,2025-Q1,Deterministic filler row
00336,Filler Customer 336,FB-336,100.00,2025-Q1,Deterministic filler row
00337,Filler Customer 337,FB-337,105.00,2025-Q1,Deterministic filler row
00338,Filler Customer 338,FB-338,110.00,2025-Q1,Deterministic filler row
00339,Filler Customer 339,FB-339,115.00,2025-Q1,Deterministic filler row
00340,Filler Customer 340,FB-340,120.00,2025-Q1,Deterministic filler row
00341,Filler Customer 341,FB-341,125.00,2025-Q1,Deterministic filler row
00342,Filler Customer 342,FB-342,130.00,2025-Q1,Deterministic filler row
00343,Filler Customer 343,FB-343,100.00,2025-Q1,Deterministic filler row
00344,Filler Customer 344,FB-344,105.00,2025-Q1,Deterministic filler row
00345,Filler Customer 345,FB-345,110.00,2025-Q1,Deterministic filler row
00346,Filler Customer 346,FB-346,115.00,2025-Q1,Deterministic filler row
00347,Filler Customer 347,FB-347,120.00,2025-Q1,Deterministic filler row
00348,Filler Customer 348,FB-348,125.00,2025-Q1,Deterministic filler row
00349,Filler Customer 349,FB-349,130.00,2025-Q1,Deterministic filler row
00350,Filler Customer 350,FB-350,100.00,2025-Q1,Deterministic filler row
00351,Filler Customer 351,FB-351,105.00,2025-Q1,Deterministic filler row
00352,Filler Customer 352,FB-352,110.00,2025-Q1,Deterministic filler row
00353,Filler Customer 353,FB-353,115.00,2025-Q1,Deterministic filler row
00354,Filler Customer 354,FB-354,120.00,2025-Q1,Deterministic filler row
00355,Filler Customer 355,FB-355,125.00,2025-Q1,Deterministic filler row
00356,Filler Customer 356,FB-356,130.00,2025-Q1,Deterministic filler row
00357,Filler Customer 357,FB-357,100.00,2025-Q1,Deterministic filler row
00358,Filler Customer 358,FB-358,105.00,2025-Q1,Deterministic filler row
00359,Filler Customer 359,FB-359,110.00,2025-Q1,Deterministic filler row
00360,Filler Customer 360,FB-360,115.00,2025-Q1,Deterministic filler row
00361,Filler Customer 361,FB-361,120.00,2025-Q1,Deterministic filler row
00362,Filler Customer 362,FB-362,125.00,2025-Q1,Deterministic filler row
00363,Filler Customer 363,FB-363,130.00,2025-Q1,Deterministic filler row
00364,Filler Customer 364,FB-364,100.00,2025-Q1,Deterministic filler row
00365,Filler Customer 365,FB-365,105.00,2025-Q1,Deterministic filler row
00366,Filler Customer 366,FB-366,110.00,2025-Q1,Deterministic filler row
00367,Filler Customer 367,FB-367,115.00,2025-Q1,Deterministic filler row
00368,Filler Customer 368,FB-368,120.00,2025-Q1,Deterministic filler row
00369,Filler Customer 369,FB-369,125.00,2025-Q1,Deterministic filler row
00370,Filler Customer 370,FB-370,130.00,2025-Q1,Deterministic filler row
00371,Filler Customer 371,FB-371,100.00,2025-Q1,Deterministic filler row
00372,Filler Customer 372,FB-372,105.00,2025-Q1,Deterministic filler row
00373,Filler Customer 373,FB-373,110.00,2025-Q1,Deterministic filler row
00374,Filler Customer 374,FB-374,115.00,2025-Q1,Deterministic filler row
00375,Filler Customer 375,FB-375,120.00,2025-Q1,Deterministic filler row
00376,Filler Customer 376,FB-376,125.00,2025-Q1,Deterministic filler row
00377,Filler Customer 377,FB-377,130.00,2025-Q1,Deterministic filler row
00378,Filler Customer 378,FB-378,100.00,2025-Q1,Deterministic filler row
00379,Filler Customer 379,FB-379,105.00,2025-Q1,Deterministic filler row
00380,Filler Customer 380,FB-380,110.00,2025-Q1,Deterministic filler row
00381,Filler Customer 381,FB-381,115.00,2025-Q1,Deterministic filler row
00382,Filler Customer 382,FB-382,120.00,2025-Q1,Deterministic filler row
00383,Filler Customer 383,FB-383,125.00,2025-Q1,Deterministic filler row
00384,Filler Customer 384,FB-384,130.00,2025-Q1,Deterministic filler row
00385,Filler Customer 385,FB-385,100.00,2025-Q1,Deterministic filler row
00386,Filler Customer 386,FB-386,105.00,2025-Q1,Deterministic filler row
00387,Filler Customer 387,FB-387,110.00,2025-Q1,Deterministic filler row
00388,Filler Customer 388,FB-388,115.00,2025-Q1,Deterministic filler row
00389,Filler Customer 389,FB-389,120.00,2025-Q1,Deterministic filler row
00390,Filler Customer 390,FB-390,125.00,2025-Q1,Deterministic filler row
00391,Filler Customer 391,FB-391,130.00,2025-Q1,Deterministic filler row
00392,Filler Customer 392,FB-392,100.00,2025-Q1,Deterministic filler row
00393,Filler Customer 393,FB-393,105.00,2025-Q1,Deterministic filler row
00394,Filler Customer 394,FB-394,110.00,2025-Q1,Deterministic filler row
00395,Filler Customer 395,FB-395,115.00,2025-Q1,Deterministic filler row
00396,Filler Customer 396,FB-396,120.00,2025-Q1,Deterministic filler row
00397,Filler Customer 397,FB-397,125.00,2025-Q1,Deterministic filler row
00398,Filler Customer 398,FB-398,130.00,2025-Q1,Deterministic filler row
00399,Filler Customer 399,FB-399,100.00,2025-Q1,Deterministic filler row
00400,Filler Customer 400,FB-400,105.00,2025-Q1,Deterministic filler row
00401,Filler Customer 401,FB-401,110.00,2025-Q1,Deterministic filler row
00402,Filler Customer 402,FB-402,115.00,2025-Q1,Deterministic filler row
00403,Filler Customer 403,FB-403,120.00,2025-Q1,Deterministic filler row
00404,Filler Customer 404,FB-404,125.00,2025-Q1,Deterministic filler row
00405,Filler Customer 405,FB-405,130.00,2025-Q1,Deterministic filler row
00406,Filler Customer 406,FB-406,100.00,2025-Q1,Deterministic filler row
00407,Filler Customer 407,FB-407,105.00,2025-Q1,Deterministic filler row
00408,Filler Customer 408,FB-408,110.00,2025-Q1,Deterministic filler row
00409,Filler Customer 409,FB-409,115.00,2025-Q1,Deterministic filler row
00410,Filler Customer 410,FB-410,120.00,2025-Q1,Deterministic filler row
00411,Filler Customer 411,FB-411,125.00,2025-Q1,Deterministic filler row
00412,Filler Customer 412,FB-412,130.00,2025-Q1,Deterministic filler row
00413,Filler Customer 413,FB-413,100.00,2025-Q1,Deterministic filler row
00414,Filler Customer 414,FB-414,105.00,2025-Q1,Deterministic filler row
00415,Filler Customer 415,FB-415,110.00,2025-Q1,Deterministic filler row
00416,Filler Customer 416,FB-416,115.00,2025-Q1,Deterministic filler row
00417,Filler Customer 417,FB-417,120.00,2025-Q1,Deterministic filler row
00418,Filler Customer 418,FB-418,125.00,2025-Q1,Deterministic filler row
00419,Filler Customer 419,FB-419,130.00,2025-Q1,Deterministic filler row
00420,Filler Customer 420,FB-420,100.00,2025-Q1,Deterministic filler row
00421,Filler Customer 421,FB-421,105.00,2025-Q1,Deterministic filler row
00422,Filler Customer 422,FB-422,110.00,2025-Q1,Deterministic filler row
00423,Filler Customer 423,FB-423,115.00,2025-Q1,Deterministic filler row
00424,Filler Customer 424,FB-424,120.00,2025-Q1,Deterministic filler row
00425,Filler Customer 425,FB-425,125.00,2025-Q1,Deterministic filler row
00426,Filler Customer 426,FB-426,130.00,2025-Q1,Deterministic filler row
00427,Filler Customer 427,FB-427,100.00,2025-Q1,Deterministic filler row
00428,Filler Customer 428,FB-428,105.00,2025-Q1,Deterministic filler row
00429,Filler Customer 429,FB-429,110.00,2025-Q1,Deterministic filler row
00430,Filler Customer 430,FB-430,115.00,2025-Q1,Deterministic filler row
00431,Filler Customer 431,FB-431,120.00,2025-Q1,Deterministic filler row
00432,Filler Customer 432,FB-432,125.00,2025-Q1,Deterministic filler row
00433,Filler Customer 433,FB-433,130.00,2025-Q1,Deterministic filler row
00434,Filler Customer 434,FB-434,100.00,2025-Q1,Deterministic filler row
00435,Filler Customer 435,FB-435,105.00,2025-Q1,Deterministic filler row
00436,Filler Customer 436,FB-436,110.00,2025-Q1,Deterministic filler row
00437,Filler Customer 437,FB-437,115.00,2025-Q1,Deterministic filler row
00438,Filler Customer 438,FB-438,120.00,2025-Q1,Deterministic filler row
00439,Filler Customer 439,FB-439,125.00,2025-Q1,Deterministic filler row
00440,Filler Customer 440,FB-440,130.00,2025-Q1,Deterministic filler row
00441,Filler Customer 441,FB-441,100.00,2025-Q1,Deterministic filler row
00442,Filler Customer 442,FB-442,105.00,2025-Q1,Deterministic filler row
00443,Filler Customer 443,FB-443,110.00,2025-Q1,Deterministic filler row
00444,Filler Customer 444,FB-444,115.00,2025-Q1,Deterministic filler row
00445,Filler Customer 445,FB-445,120.00,2025-Q1,Deterministic filler row
00446,Filler Customer 446,FB-446,125.00,2025-Q1,Deterministic filler row
00447,Filler Customer 447,FB-447,130.00,2025-Q1,Deterministic filler row
00448,Filler Customer 448,FB-448,100.00,2025-Q1,Deterministic filler row
00449,Filler Customer 449,FB-449,105.00,2025-Q1,Deterministic filler row
00450,Filler Customer 450,FB-450,110.00,2025-Q1,Deterministic filler row
00451,Filler Customer 451,FB-451,115.00,2025-Q1,Deterministic filler row
00452,Filler Customer 452,FB-452,120.00,2025-Q1,Deterministic filler row
00453,Filler Customer 453,FB-453,125.00,2025-Q1,Deterministic filler row
00454,Filler Customer 454,FB-454,130.00,2025-Q1,Deterministic filler row
00455,Filler Customer 455,FB-455,100.00,2025-Q1,Deterministic filler row
00456,Filler Customer 456,FB-456,105.00,2025-Q1,Deterministic filler row
00457,Filler Customer 457,FB-457,110.00,2025-Q1,Deterministic filler row
00458,Filler Customer 458,FB-458,115.00,2025-Q1,Deterministic filler row
00459,Filler Customer 459,FB-459,120.00,2025-Q1,Deterministic filler row
00460,Filler Customer 460,FB-460,125.00,2025-Q1,Deterministic filler row
00461,Filler Customer 461,FB-461,130.00,2025-Q1,Deterministic filler row
00462,Filler Customer 462,FB-462,100.00,2025-Q1,Deterministic filler row
00463,Filler Customer 463,FB-463,105.00,2025-Q1,Deterministic filler row
00464,Filler Customer 464,FB-464,110.00,2025-Q1,Deterministic filler row
00465,Filler Customer 465,FB-465,115.00,2025-Q1,Deterministic filler row
00466,Filler Customer 466,FB-466,120.00,2025-Q1,Deterministic filler row
00467,Filler Customer 467,FB-467,125.00,2025-Q1,Deterministic filler row
00468,Filler Customer 468,FB-468,130.00,2025-Q1,Deterministic filler row
00469,Filler Customer 469,FB-469,100.00,2025-Q1,Deterministic filler row
00470,Filler Customer 470,FB-470,105.00,2025-Q1,Deterministic filler row
00471,Filler Customer 471,FB-471,110.00,2025-Q1,Deterministic filler row
00472,Filler Customer 472,FB-472,115.00,2025-Q1,Deterministic filler row
00473,Filler Customer 473,FB-473,120.00,2025-Q1,Deterministic filler row
00474,Filler Customer 474,FB-474,125.00,2025-Q1,Deterministic filler row
00475,Filler Customer 475,FB-475,130.00,2025-Q1,Deterministic filler row
00476,Filler Customer 476,FB-476,100.00,2025-Q1,Deterministic filler row
00477,Filler Customer 477,FB-477,105.00,2025-Q1,Deterministic filler row
00478,Filler Customer 478,FB-478,110.00,2025-Q1,Deterministic filler row
00479,Filler Customer 479,FB-479,115.00,2025-Q1,Deterministic filler row
00480,Filler Customer 480,FB-480,120.00,2025-Q1,Deterministic filler row
00481,Filler Customer 481,FB-481,125.00,2025-Q1,Deterministic filler row
00482,Filler Customer 482,FB-482,130.00,2025-Q1,Deterministic filler row
00483,Filler Customer 483,FB-483,100.00,2025-Q1,Deterministic filler row
00484,Filler Customer 484,FB-484,105.00,2025-Q1,Deterministic filler row
00485,Filler Customer 485,FB-485,110.00,2025-Q1,Deterministic filler row
00486,Filler Customer 486,FB-486,115.00,2025-Q1,Deterministic filler row
00487,Filler Customer 487,FB-487,120.00,2025-Q1,Deterministic filler row
00488,Filler Customer 488,FB-488,125.00,2025-Q1,Deterministic filler row
00489,Filler Customer 489,FB-489,130.00,2025-Q1,Deterministic filler row
00490,Filler Customer 490,FB-490,100.00,2025-Q1,Deterministic filler row
00491,Filler Customer 491,FB-491,105.00,2025-Q1,Deterministic filler row
00492,Filler Customer 492,FB-492,110.00,2025-Q1,Deterministic filler row
00493,Filler Customer 493,FB-493,115.00,2025-Q1,Deterministic filler row
00494,Filler Customer 494,FB-494,120.00,2025-Q1,Deterministic filler row
00495,Filler Customer 495,FB-495,125.00,2025-Q1,Deterministic filler row
00496,Filler Customer 496,FB-496,130.00,2025-Q1,Deterministic filler row
00497,Filler Customer 497,FB-497,100.00,2025-Q1,Deterministic filler row
00498,Filler Customer 498,FB-498,105.00,2025-Q1,Deterministic filler row
00499,Filler Customer 499,FB-499,110.00,2025-Q1,Deterministic filler row
00500,Filler Customer 500,FB-500,115.00,2025-Q1,Deterministic filler row
00501,Filler Customer 501,FB-501,120.00,2025-Q1,Deterministic filler row
00502,Filler Customer 502,FB-502,125.00,2025-Q1,Deterministic filler row
00503,Filler Customer 503,FB-503,130.00,2025-Q1,Deterministic filler row
00504,Filler Customer 504,FB-504,100.00,2025-Q1,Deterministic filler row
00505,Filler Customer 505,FB-505,105.00,2025-Q1,Deterministic filler row
00506,Filler Customer 506,FB-506,110.00,2025-Q1,Deterministic filler row
00507,Filler Customer 507,FB-507,115.00,2025-Q1,Deterministic filler row
00508,Filler Customer 508,FB-508,120.00,2025-Q1,Deterministic filler row
00509,Filler Customer 509,FB-509,125.00,2025-Q1,Deterministic filler row
00510,Filler Customer 510,FB-510,130.00,2025-Q1,Deterministic filler row
00511,Filler Customer 511,FB-511,100.00,2025-Q1,Deterministic filler row
00512,Filler Customer 512,FB-512,105.00,2025-Q1,Deterministic filler row
00513,Filler Customer 513,FB-513,110.00,2025-Q1,Deterministic filler row
00514,Filler Customer 514,FB-514,115.00,2025-Q1,Deterministic filler row
00515,Filler Customer 515,FB-515,120.00,2025-Q1,Deterministic filler row
00516,Filler Customer 516,FB-516,125.00,2025-Q1,Deterministic filler row
00517,Filler Customer 517,FB-517,130.00,2025-Q1,Deterministic filler row
00518,Filler Customer 518,FB-518,100.00,2025-Q1,Deterministic filler row
00519,Filler Customer 519,FB-519,105.00,2025-Q1,Deterministic filler row
00520,Filler Customer 520,FB-520,110.00,2025-Q1,Deterministic filler row
00521,Filler Customer 521,FB-521,115.00,2025-Q1,Deterministic filler row
00522,Filler Customer 522,FB-522,120.00,2025-Q1,Deterministic filler row
00523,Filler Customer 523,FB-523,125.00,2025-Q1,Deterministic filler row
00524,Filler Customer 524,FB-524,130.00,2025-Q1,Deterministic filler row
00525,Filler Customer 525,FB-525,100.00,2025-Q1,Deterministic filler row
00526,Filler Customer 526,FB-526,105.00,2025-Q1,Deterministic filler row
00527,Filler Customer 527,FB-527,110.00,2025-Q1,Deterministic filler row
00528,Filler Customer 528,FB-528,115.00,2025-Q1,Deterministic filler row
00529,Filler Customer 529,FB-529,120.00,2025-Q1,Deterministic filler row
00530,Filler Customer 530,FB-530,125.00,2025-Q1,Deterministic filler row
00531,Filler Customer 531,FB-531,130.00,2025-Q1,Deterministic filler row
00532,Filler Customer 532,FB-532,100.00,2025-Q1,Deterministic filler row
00533,Filler Customer 533,FB-533,105.00,2025-Q1,Deterministic filler row
00534,Filler Customer 534,FB-534,110.00,2025-Q1,Deterministic filler row
00535,Filler Customer 535,FB-535,115.00,2025-Q1,Deterministic filler row
00536,Filler Customer 536,FB-536,120.00,2025-Q1,Deterministic filler row
00537,Filler Customer 537,FB-537,125.00,2025-Q1,Deterministic filler row
00538,Filler Customer 538,FB-538,130.00,2025-Q1,Deterministic filler row
00539,Filler Customer 539,FB-539,100.00,2025-Q1,Deterministic filler row
00540,Filler Customer 540,FB-540,105.00,2025-Q1,Deterministic filler row
00541,Filler Customer 541,FB-541,110.00,2025-Q1,Deterministic filler row
00542,Filler Customer 542,FB-542,115.00,2025-Q1,Deterministic filler row
00543,Filler Customer 543,FB-543,120.00,2025-Q1,Deterministic filler row
00544,Filler Customer 544,FB-544,125.00,2025-Q1,Deterministic filler row
00545,Filler Customer 545,FB-545,130.00,2025-Q1,Deterministic filler row
00546,Filler Customer 546,FB-546,100.00,2025-Q1,Deterministic filler row
00547,Filler Customer 547,FB-547,105.00,2025-Q1,Deterministic filler row
00548,Filler Customer 548,FB-548,110.00,2025-Q1,Deterministic filler row
00549,Filler Customer 549,FB-549,115.00,2025-Q1,Deterministic filler row
00550,Filler Customer 550,FB-550,120.00,2025-Q1,Deterministic filler row
00551,Filler Customer 551,FB-551,125.00,2025-Q1,Deterministic filler row
00552,Filler Customer 552,FB-552,130.00,2025-Q1,Deterministic filler row
00553,Filler Customer 553,FB-553,100.00,2025-Q1,Deterministic filler row
00554,Filler Customer 554,FB-554,105.00,2025-Q1,Deterministic filler row
00555,Filler Customer 555,FB-555,110.00,2025-Q1,Deterministic filler row
00556,Filler Customer 556,FB-556,115.00,2025-Q1,Deterministic filler row
00557,Filler Customer 557,FB-557,120.00,2025-Q1,Deterministic filler row
00558,Filler Customer 558,FB-558,125.00,2025-Q1,Deterministic filler row
00559,Filler Customer 559,FB-559,130.00,2025-Q1,Deterministic filler row
00560,Filler Customer 560,FB-560,100.00,2025-Q1,Deterministic filler row
00561,Filler Customer 561,FB-561,105.00,2025-Q1,Deterministic filler row
00562,Filler Customer 562,FB-562,110.00,2025-Q1,Deterministic filler row
00563,Filler Customer 563,FB-563,115.00,2025-Q1,Deterministic filler row
00564,Filler Customer 564,FB-564,120.00,2025-Q1,Deterministic filler row
00565,Filler Customer 565,FB-565,125.00,2025-Q1,Deterministic filler row
00566,Filler Customer 566,FB-566,130.00,2025-Q1,Deterministic filler row
00567,Filler Customer 567,FB-567,100.00,2025-Q1,Deterministic filler row
00568,Filler Customer 568,FB-568,105.00,2025-Q1,Deterministic filler row
00569,Filler Customer 569,FB-569,110.00,2025-Q1,Deterministic filler row
00570,Filler Customer 570,FB-570,115.00,2025-Q1,Deterministic filler row
00571,Filler Customer 571,FB-571,120.00,2025-Q1,Deterministic filler row
00572,Filler Customer 572,FB-572,125.00,2025-Q1,Deterministic filler row
00573,Filler Customer 573,FB-573,130.00,2025-Q1,Deterministic filler row
00574,Filler Customer 574,FB-574,100.00,2025-Q1,Deterministic filler row
00575,Filler Customer 575,FB-575,105.00,2025-Q1,Deterministic filler row
00576,Filler Customer 576,FB-576,110.00,2025-Q1,Deterministic filler row
00577,Filler Customer 577,FB-577,115.00,2025-Q1,Deterministic filler row
00578,Filler Customer 578,FB-578,120.00,2025-Q1,Deterministic filler row
00579,Filler Customer 579,FB-579,125.00,2025-Q1,Deterministic filler row
00580,Filler Customer 580,FB-580,130.00,2025-Q1,Deterministic filler row
00581,Filler Customer 581,FB-581,100.00,2025-Q1,Deterministic filler row
00582,Filler Customer 582,FB-582,105.00,2025-Q1,Deterministic filler row
00583,Filler Customer 583,FB-583,110.00,2025-Q1,Deterministic filler row
00584,Filler Customer 584,FB-584,115.00,2025-Q1,Deterministic filler row
00585,Filler Customer 585,FB-585,120.00,2025-Q1,Deterministic filler row
00586,Filler Customer 586,FB-586,125.00,2025-Q1,Deterministic filler row
00587,Filler Customer 587,FB-587,130.00,2025-Q1,Deterministic filler row
00588,Filler Customer 588,FB-588,100.00,2025-Q1,Deterministic filler row
00589,Filler Customer 589,FB-589,105.00,2025-Q1,Deterministic filler row
00590,Filler Customer 590,FB-590,110.00,2025-Q1,Deterministic filler row
00591,Filler Customer 591,FB-591,115.00,2025-Q1,Deterministic filler row
00592,Filler Customer 592,FB-592,120.00,2025-Q1,Deterministic filler row
00593,Filler Customer 593,FB-593,125.00,2025-Q1,Deterministic filler row
00594,Filler Customer 594,FB-594,130.00,2025-Q1,Deterministic filler row
00595,Filler Customer 595,FB-595,100.00,2025-Q1,Deterministic filler row
00596,Filler Customer 596,FB-596,105.00,2025-Q1,Deterministic filler row
00597,Filler Customer 597,FB-597,110.00,2025-Q1,Deterministic filler row
00598,Filler Customer 598,FB-598,115.00,2025-Q1,Deterministic filler row
00599,Filler Customer 599,FB-599,120.00,2025-Q1,Deterministic filler row
00600,Filler Customer 600,FB-600,125.00,2025-Q1,Deterministic filler row
00601,Filler Customer 601,FB-601,130.00,2025-Q1,Deterministic filler row
00602,Filler Customer 602,FB-602,100.00,2025-Q1,Deterministic filler row
00603,Filler Customer 603,FB-603,105.00,2025-Q1,Deterministic filler row
00604,Filler Customer 604,FB-604,110.00,2025-Q1,Deterministic filler row
00605,Filler Customer 605,FB-605,115.00,2025-Q1,Deterministic filler row
00606,Filler Customer 606,FB-606,120.00,2025-Q1,Deterministic filler row
00607,Filler Customer 607,FB-607,125.00,2025-Q1,Deterministic filler row
00608,Filler Customer 608,FB-608,130.00,2025-Q1,Deterministic filler row
00609,Filler Customer 609,FB-609,100.00,2025-Q1,Deterministic filler row
00610,Filler Customer 610,FB-610,105.00,2025-Q1,Deterministic filler row
00611,Filler Customer 611,FB-611,110.00,2025-Q1,Deterministic filler row
00612,Filler Customer 612,FB-612,115.00,2025-Q1,Deterministic filler row
00613,Filler Customer 613,FB-613,120.00,2025-Q1,Deterministic filler row
00614,Filler Customer 614,FB-614,125.00,2025-Q1,Deterministic filler row
00615,Filler Customer 615,FB-615,130.00,2025-Q1,Deterministic filler row
00616,Filler Customer 616,FB-616,100.00,2025-Q1,Deterministic filler row
00617,Filler Customer 617,FB-617,105.00,2025-Q1,Deterministic filler row
00618,Filler Customer 618,FB-618,110.00,2025-Q1,Deterministic filler row
00619,Filler Customer 619,FB-619,115.00,2025-Q1,Deterministic filler row
00620,Filler Customer 620,FB-620,120.00,2025-Q1,Deterministic filler row
00621,Filler Customer 621,FB-621,125.00,2025-Q1,Deterministic filler row
00622,Filler Customer 622,FB-622,130.00,2025-Q1,Deterministic filler row
00623,Filler Customer 623,FB-623,100.00,2025-Q1,Deterministic filler row
00624,Filler Customer 624,FB-624,105.00,2025-Q1,Deterministic filler row
00625,Filler Customer 625,FB-625,110.00,2025-Q1,Deterministic filler row
00626,Filler Customer 626,FB-626,115.00,2025-Q1,Deterministic filler row
00627,Filler Customer 627,FB-627,120.00,2025-Q1,Deterministic filler row
00628,Filler Customer 628,FB-628,125.00,2025-Q1,Deterministic filler row
00629,Filler Customer 629,FB-629,130.00,2025-Q1,Deterministic filler row
00630,Filler Customer 630,FB-630,100.00,2025-Q1,Deterministic filler row
00631,Filler Customer 631,FB-631,105.00,2025-Q1,Deterministic filler row
00632,Filler Customer 632,FB-632,110.00,2025-Q1,Deterministic filler row
00633,Filler Customer 633,FB-633,115.00,2025-Q1,Deterministic filler row
00634,Filler Customer 634,FB-634,120.00,2025-Q1,Deterministic filler row
00635,Filler Customer 635,FB-635,125.00,2025-Q1,Deterministic filler row
00636,Filler Customer 636,FB-636,130.00,2025-Q1,Deterministic filler row
00637,Filler Customer 637,FB-637,100.00,2025-Q1,Deterministic filler row
00638,Filler Customer 638,FB-638,105.00,2025-Q1,Deterministic filler row
00639,Filler Customer 639,FB-639,110.00,2025-Q1,Deterministic filler row
00640,Filler Customer 640,FB-640,115.00,2025-Q1,Deterministic filler row
00641,Filler Customer 641,FB-641,120.00,2025-Q1,Deterministic filler row
00642,Filler Customer 642,FB-642,125.00,2025-Q1,Deterministic filler row
00643,Filler Customer 643,FB-643,130.00,2025-Q1,Deterministic filler row
00644,Filler Customer 644,FB-644,100.00,2025-Q1,Deterministic filler row
00645,Filler Customer 645,FB-645,105.00,2025-Q1,Deterministic filler row
00646,Filler Customer 646,FB-646,110.00,2025-Q1,Deterministic filler row
00647,Filler Customer 647,FB-647,115.00,2025-Q1,Deterministic filler row
00648,Filler Customer 648,FB-648,120.00,2025-Q1,Deterministic filler row
00649,Filler Customer 649,FB-649,125.00,2025-Q1,Deterministic filler row
00650,Filler Customer 650,FB-650,130.00,2025-Q1,Deterministic filler row
00651,Filler Customer 651,FB-651,100.00,2025-Q1,Deterministic filler row
00652,Filler Customer 652,FB-652,105.00,2025-Q1,Deterministic filler row
00653,Filler Customer 653,FB-653,110.00,2025-Q1,Deterministic filler row
00654,Filler Customer 654,FB-654,115.00,2025-Q1,Deterministic filler row
00655,Filler Customer 655,FB-655,120.00,2025-Q1,Deterministic filler row
00656,Filler Customer 656,FB-656,125.00,2025-Q1,Deterministic filler row
00657,Filler Customer 657,FB-657,130.00,2025-Q1,Deterministic filler row
00658,Filler Customer 658,FB-658,100.00,2025-Q1,Deterministic filler row
00659,Filler Customer 659,FB-659,105.00,2025-Q1,Deterministic filler row
00660,Filler Customer 660,FB-660,110.00,2025-Q1,Deterministic filler row
00661,Filler Customer 661,FB-661,115.00,2025-Q1,Deterministic filler row
00662,Filler Customer 662,FB-662,120.00,2025-Q1,Deterministic filler row
00663,Filler Customer 663,FB-663,125.00,2025-Q1,Deterministic filler row
00664,Filler Customer 664,FB-664,130.00,2025-Q1,Deterministic filler row
00665,Filler Customer 665,FB-665,100.00,2025-Q1,Deterministic filler row
00666,Filler Customer 666,FB-666,105.00,2025-Q1,Deterministic filler row
00667,Filler Customer 667,FB-667,110.00,2025-Q1,Deterministic filler row
00668,Filler Customer 668,FB-668,115.00,2025-Q1,Deterministic filler row
00669,Filler Customer 669,FB-669,120.00,2025-Q1,Deterministic filler row
00670,Filler Customer 670,FB-670,125.00,2025-Q1,Deterministic filler row
00671,Filler Customer 671,FB-671,130.00,2025-Q1,Deterministic filler row
00672,Filler Customer 672,FB-672,100.00,2025-Q1,Deterministic filler row
00673,Filler Customer 673,FB-673,105.00,2025-Q1,Deterministic filler row
00674,Filler Customer 674,FB-674,110.00,2025-Q1,Deterministic filler row
00675,Filler Customer 675,FB-675,115.00,2025-Q1,Deterministic filler row
00676,Filler Customer 676,FB-676,120.00,2025-Q1,Deterministic filler row
00677,Filler Customer 677,FB-677,125.00,2025-Q1,Deterministic filler row
00678,Filler Customer 678,FB-678,130.00,2025-Q1,Deterministic filler row
00679,Filler Customer 679,FB-679,100.00,2025-Q1,Deterministic filler row
00680,Filler Customer 680,FB-680,105.00,2025-Q1,Deterministic filler row
00681,Filler Customer 681,FB-681,110.00,2025-Q1,Deterministic filler row
00682,Filler Customer 682,FB-682,115.00,2025-Q1,Deterministic filler row
00683,Filler Customer 683,FB-683,120.00,2025-Q1,Deterministic filler row
00684,Filler Customer 684,FB-684,125.00,2025-Q1,Deterministic filler row
00685,Filler Customer 685,FB-685,130.00,2025-Q1,Deterministic filler row
00686,Filler Customer 686,FB-686,100.00,2025-Q1,Deterministic filler row
00687,Filler Customer 687,FB-687,105.00,2025-Q1,Deterministic filler row
00688,Filler Customer 688,FB-688,110.00,2025-Q1,Deterministic filler row
00689,Filler Customer 689,FB-689,115.00,2025-Q1,Deterministic filler row
00690,Filler Customer 690,FB-690,120.00,2025-Q1,Deterministic filler row
00691,Filler Customer 691,FB-691,125.00,2025-Q1,Deterministic filler row
00692,Filler Customer 692,FB-692,130.00,2025-Q1,Deterministic filler row
00693,Filler Customer 693,FB-693,100.00,2025-Q1,Deterministic filler row
00694,Filler Customer 694,FB-694,105.00,2025-Q1,Deterministic filler row
00695,Filler Customer 695,FB-695,110.00,2025-Q1,Deterministic filler row
00696,Filler Customer 696,FB-696,115.00,2025-Q1,Deterministic filler row
00697,Filler Customer 697,FB-697,120.00,2025-Q1,Deterministic filler row
00698,Filler Customer 698,FB-698,125.00,2025-Q1,Deterministic filler row
00699,Filler Customer 699,FB-699,130.00,2025-Q1,Deterministic filler row
00700,Filler Customer 700,FB-700,100.00,2025-Q1,Deterministic filler row
00701,Filler Customer 701,FB-701,105.00,2025-Q1,Deterministic filler row
00702,Filler Customer 702,FB-702,110.00,2025-Q1,Deterministic filler row
00703,Filler Customer 703,FB-703,115.00,2025-Q1,Deterministic filler row
00704,Filler Customer 704,FB-704,120.00,2025-Q1,Deterministic filler row
00705,Filler Customer 705,FB-705,125.00,2025-Q1,Deterministic filler row
00706,Filler Customer 706,FB-706,130.00,2025-Q1,Deterministic filler row
00707,Filler Customer 707,FB-707,100.00,2025-Q1,Deterministic filler row
00708,Filler Customer 708,FB-708,105.00,2025-Q1,Deterministic filler row
00709,Filler Customer 709,FB-709,110.00,2025-Q1,Deterministic filler row
00710,Filler Customer 710,FB-710,115.00,2025-Q1,Deterministic filler row
00711,Filler Customer 711,FB-711,120.00,2025-Q1,Deterministic filler row
00712,Filler Customer 712,FB-712,125.00,2025-Q1,Deterministic filler row
00713,Filler Customer 713,FB-713,130.00,2025-Q1,Deterministic filler row
00714,Filler Customer 714,FB-714,100.00,2025-Q1,Deterministic filler row
00715,Filler Customer 715,FB-715,105.00,2025-Q1,Deterministic filler row
00716,Filler Customer 716,FB-716,110.00,2025-Q1,Deterministic filler row
00717,Filler Customer 717,FB-717,115.00,2025-Q1,Deterministic filler row
00718,Filler Customer 718,FB-718,120.00,2025-Q1,Deterministic filler row
00719,Filler Customer 719,FB-719,125.00,2025-Q1,Deterministic filler row
00720,Filler Customer 720,FB-720,130.00,2025-Q1,Deterministic filler row
00721,Filler Customer 721,FB-721,100.00,2025-Q1,Deterministic filler row
00722,Filler Customer 722,FB-722,105.00,2025-Q1,Deterministic filler row
00723,Filler Customer 723,FB-723,110.00,2025-Q1,Deterministic filler row
00724,Filler Customer 724,FB-724,115.00,2025-Q1,Deterministic filler row
00725,Filler Customer 725,FB-725,120.00,2025-Q1,Deterministic filler row
00726,Filler Customer 726,FB-726,125.00,2025-Q1,Deterministic filler row
00727,Filler Customer 727,FB-727,130.00,2025-Q1,Deterministic filler row
00728,Filler Customer 728,FB-728,100.00,2025-Q1,Deterministic filler row
00729,Filler Customer 729,FB-729,105.00,2025-Q1,Deterministic filler row
00730,Filler Customer 730,FB-730,110.00,2025-Q1,Deterministic filler row
00731,Filler Customer 731,FB-731,115.00,2025-Q1,Deterministic filler row
00732,Filler Customer 732,FB-732,120.00,2025-Q1,Deterministic filler row
00733,Filler Customer 733,FB-733,125.00,2025-Q1,Deterministic filler row
00734,Filler Customer 734,FB-734,130.00,2025-Q1,Deterministic filler row
00735,Filler Customer 735,FB-735,100.00,2025-Q1,Deterministic filler row
00736,Filler Customer 736,FB-736,105.00,2025-Q1,Deterministic filler row
00737,Filler Customer 737,FB-737,110.00,2025-Q1,Deterministic filler row
00738,Filler Customer 738,FB-738,115.00,2025-Q1,Deterministic filler row
00739,Filler Customer 739,FB-739,120.00,2025-Q1,Deterministic filler row
00740,Filler Customer 740,FB-740,125.00,2025-Q1,Deterministic filler row
00741,Filler Customer 741,FB-741,130.00,2025-Q1,Deterministic filler row
00742,Filler Customer 742,FB-742,100.00,2025-Q1,Deterministic filler row
00743,Filler Customer 743,FB-743,105.00,2025-Q1,Deterministic filler row
00744,Filler Customer 744,FB-744,110.00,2025-Q1,Deterministic filler row
00745,Filler Customer 745,FB-745,115.00,2025-Q1,Deterministic filler row
00746,Filler Customer 746,FB-746,120.00,2025-Q1,Deterministic filler row
00747,Filler Customer 747,FB-747,125.00,2025-Q1,Deterministic filler row
00748,Filler Customer 748,FB-748,130.00,2025-Q1,Deterministic filler row
00749,Filler Customer 749,FB-749,100.00,2025-Q1,Deterministic filler row
00750,Filler Customer 750,FB-750,105.00,2025-Q1,Deterministic filler row
00751,Filler Customer 751,FB-751,110.00,2025-Q1,Deterministic filler row
00752,Filler Customer 752,FB-752,115.00,2025-Q1,Deterministic filler row
00753,Filler Customer 753,FB-753,120.00,2025-Q1,Deterministic filler row
00754,Filler Customer 754,FB-754,125.00,2025-Q1,Deterministic filler row
00755,Filler Customer 755,FB-755,130.00,2025-Q1,Deterministic filler row
00756,Filler Customer 756,FB-756,100.00,2025-Q1,Deterministic filler row
00757,Filler Customer 757,FB-757,105.00,2025-Q1,Deterministic filler row
00758,Filler Customer 758,FB-758,110.00,2025-Q1,Deterministic filler row
00759,Filler Customer 759,FB-759,115.00,2025-Q1,Deterministic filler row
00760,Filler Customer 760,FB-760,120.00,2025-Q1,Deterministic filler row
00761,Filler Customer 761,FB-761,125.00,2025-Q1,Deterministic filler row
00762,Filler Customer 762,FB-762,130.00,2025-Q1,Deterministic filler row
00763,Filler Customer 763,FB-763,100.00,2025-Q1,Deterministic filler row
00764,Filler Customer 764,FB-764,105.00,2025-Q1,Deterministic filler row
00765,Filler Customer 765,FB-765,110.00,2025-Q1,Deterministic filler row
00766,Filler Customer 766,FB-766,115.00,2025-Q1,Deterministic filler row
00767,Filler Customer 767,FB-767,120.00,2025-Q1,Deterministic filler row
00768,Filler Customer 768,FB-768,125.00,2025-Q1,Deterministic filler row
00769,Filler Customer 769,FB-769,130.00,2025-Q1,Deterministic filler row
00770,Filler Customer 770,FB-770,100.00,2025-Q1,Deterministic filler row
00771,Filler Customer 771,FB-771,105.00,2025-Q1,Deterministic filler row
00772,Filler Customer 772,FB-772,110.00,2025-Q1,Deterministic filler row
00773,Filler Customer 773,FB-773,115.00,2025-Q1,Deterministic filler row
00774,Filler Customer 774,FB-774,120.00,2025-Q1,Deterministic filler row
00775,Filler Customer 775,FB-775,125.00,2025-Q1,Deterministic filler row
00776,Filler Customer 776,FB-776,130.00,2025-Q1,Deterministic filler row
00777,Filler Customer 777,FB-777,100.00,2025-Q1,Deterministic filler row
00778,Filler Customer 778,FB-778,105.00,2025-Q1,Deterministic filler row
00779,Filler Customer 779,FB-779,110.00,2025-Q1,Deterministic filler row
00780,Filler Customer 780,FB-780,115.00,2025-Q1,Deterministic filler row
00781,Filler Customer 781,FB-781,120.00,2025-Q1,Deterministic filler row
00782,Filler Customer 782,FB-782,125.00,2025-Q1,Deterministic filler row
00783,Filler Customer 783,FB-783,130.00,2025-Q1,Deterministic filler row
00784,Filler Customer 784,FB-784,100.00,2025-Q1,Deterministic filler row
00785,Filler Customer 785,FB-785,105.00,2025-Q1,Deterministic filler row
00786,Filler Customer 786,FB-786,110.00,2025-Q1,Deterministic filler row
00787,Filler Customer 787,FB-787,115.00,2025-Q1,Deterministic filler row
00788,Filler Customer 788,FB-788,120.00,2025-Q1,Deterministic filler row
00789,Filler Customer 789,FB-789,125.00,2025-Q1,Deterministic filler row
00790,Filler Customer 790,FB-790,130.00,2025-Q1,Deterministic filler row
00791,Filler Customer 791,FB-791,100.00,2025-Q1,Deterministic filler row
00792,Filler Customer 792,FB-792,105.00,2025-Q1,Deterministic filler row
00793,Filler Customer 793,FB-793,110.00,2025-Q1,Deterministic filler row
00794,Filler Customer 794,FB-794,115.00,2025-Q1,Deterministic filler row
00795,Filler Customer 795,FB-795,120.00,2025-Q1,Deterministic filler row
00796,Filler Customer 796,FB-796,125.00,2025-Q1,Deterministic filler row
00797,Filler Customer 797,FB-797,130.00,2025-Q1,Deterministic filler row
00798,Filler Customer 798,FB-798,100.00,2025-Q1,Deterministic filler row
00799,Filler Customer 799,FB-799,105.00,2025-Q1,Deterministic filler row
00800,Filler Customer 800,FB-800,110.00,2025-Q1,Deterministic filler row
00801,Filler Customer 801,FB-801,115.00,2025-Q1,Deterministic filler row
00802,Filler Customer 802,FB-802,120.00,2025-Q1,Deterministic filler row
00803,Filler Customer 803,FB-803,125.00,2025-Q1,Deterministic filler row
00804,Filler Customer 804,FB-804,130.00,2025-Q1,Deterministic filler row
00805,Filler Customer 805,FB-805,100.00,2025-Q1,Deterministic filler row
00806,Filler Customer 806,FB-806,105.00,2025-Q1,Deterministic filler row
00807,Filler Customer 807,FB-807,110.00,2025-Q1,Deterministic filler row
00808,Filler Customer 808,FB-808,115.00,2025-Q1,Deterministic filler row
00809,Filler Customer 809,FB-809,120.00,2025-Q1,Deterministic filler row
00810,Filler Customer 810,FB-810,125.00,2025-Q1,Deterministic filler row
00812,Customer 812,RB-812,68900.00,2025-Q4,ERP rebate detail for Project Danube
00813,Customer 813,RB-813,68900.00,2025-Q4,ERP rebate detail for Project Danube
00814,Customer 814,RB-814,68900.00,2025-Q4,ERP rebate detail for Project Danube
00815,Customer 815,RB-815,68900.00,2025-Q4,ERP rebate detail for Project Danube
00816,Customer 816,RB-816,68900.00,2025-Q4,ERP rebate detail for Project Danube
00817,Customer 817,RB-817,68900.00,2025-Q4,ERP rebate detail for Project Danube
00818,Customer 818,RB-818,68900.00,2025-Q4,ERP rebate detail for Project Danube
00819,Customer 819,RB-819,68900.00,2025-Q4,ERP rebate detail for Project Danube
00820,Customer 820,RB-820,68900.00,2025-Q4,ERP rebate detail for Project Danube
00821,Customer 821,RB-821,68900.00,2025-Q4,ERP rebate detail for Project Danube
00822,Customer 822,RB-822,68900.00,2025-Q4,ERP rebate detail for Project Danube
00823,Customer 823,RB-823,68900.00,2025-Q4,ERP rebate detail for Project Danube
00824,Customer 824,RB-824,68900.00,2025-Q4,ERP rebate detail for Project Danube
00825,Customer 825,RB-825,68900.00,2025-Q4,ERP rebate detail for Project Danube
00826,Customer 826,RB-826,68900.00,2025-Q4,ERP rebate detail for Project Danube
00827,Customer 827,RB-827,68900.00,2025-Q4,ERP rebate detail for Project Danube
00828,Customer 828,RB-828,68900.00,2025-Q4,ERP rebate detail for Project Danube
00829,Customer 829,RB-829,68900.00,2025-Q4,ERP rebate detail for Project Danube
00830,Customer 830,RB-830,68900.00,2025-Q4,ERP rebate detail for Project Danube
00831,Customer 831,RB-831,68900.00,2025-Q4,ERP rebate detail for Project Danube
00832,Customer 832,RB-832,68900.00,2025-Q4,ERP rebate detail for Project Danube
00833,Customer 833,RB-833,68900.00,2025-Q4,ERP rebate detail for Project Danube
00834,Customer 834,RB-834,68900.00,2025-Q4,ERP rebate detail for Project Danube
00835,Customer 835,RB-835,68900.00,2025-Q4,ERP rebate detail for Project Danube
00836,Customer 836,RB-836,68900.00,2025-Q4,ERP rebate detail for Project Danube
00837,Customer 837,RB-837,68900.00,2025-Q4,ERP rebate detail for Project Danube
00838,Customer 838,RB-838,68900.00,2025-Q4,ERP rebate detail for Project Danube
00839,Customer 839,RB-839,68900.00,2025-Q4,ERP rebate detail for Project Danube
00840,Customer 840,RB-840,68900.00,2025-Q4,ERP rebate detail for Project Danube
00841,Customer 841,RB-841,68900.00,2025-Q4,ERP rebate detail for Project Danube
00842,Customer 842,RB-842,68900.00,2025-Q4,ERP rebate detail for Project Danube
00843,Customer 843,RB-843,68900.00,2025-Q4,ERP rebate detail for Project Danube
00844,Customer 844,RB-844,68900.00,2025-Q4,ERP rebate detail for Project Danube
00845,Customer 845,RB-845,68900.00,2025-Q4,ERP rebate detail for Project Danube
00846,Customer 846,RB-846,68900.00,2025-Q4,ERP rebate detail for Project Danube
00847,Customer 847,RB-847,68900.00,2025-Q4,ERP rebate detail for Project Danube
00848,Customer 848,RB-848,68900.00,2025-Q4,ERP rebate detail for Project Danube
00849,Customer 849,RB-849,68900.00,2025-Q4,ERP rebate detail for Project Danube
00850,Customer 850,RB-850,68900.00,2025-Q4,ERP rebate detail for Project Danube
00851,Customer 851,RB-851,68900.00,2025-Q4,ERP rebate detail for Project Danube
00852,Customer 852,RB-852,68900.00,2025-Q4,ERP rebate detail for Project Danube
00853,Customer 853,RB-853,68900.00,2025-Q4,ERP rebate detail for Project Danube
00854,Customer 854,RB-854,68900.00,2025-Q4,ERP rebate detail for Project Danube
00855,Customer 855,RB-855,68900.00,2025-Q4,ERP rebate detail for Project Danube
00856,Customer 856,RB-856,68900.00,2025-Q4,ERP rebate detail for Project Danube
00857,Customer 857,RB-857,68900.00,2025-Q4,ERP rebate detail for Project Danube
00858,Customer 858,RB-858,68900.00,2025-Q4,ERP rebate detail for Project Danube
00859,Customer 859,RB-859,68900.00,2025-Q4,ERP rebate detail for Project Danube
00860,Customer 860,RB-860,68900.00,2025-Q4,ERP rebate detail for Project Danube
00861,Customer 861,RB-861,68900.00,2025-Q4,ERP rebate detail for Project Danube
00862,Customer 862,RB-862,68900.00,2025-Q4,ERP rebate detail for Project Danube
00863,Customer 863,RB-863,68900.00,2025-Q4,ERP rebate detail for Project Danube
00864,Customer 864,RB-864,68900.00,2025-Q4,ERP rebate detail for Project Danube
00865,Customer 865,RB-865,68900.00,2025-Q4,ERP rebate detail for Project Danube
00866,Customer 866,RB-866,68900.00,2025-Q4,ERP rebate detail for Project Danube
00867,Customer 867,RB-867,68900.00,2025-Q4,ERP rebate detail for Project Danube
00868,Customer 868,RB-868,68900.00,2025-Q4,ERP rebate detail for Project Danube
00869,Customer 869,RB-869,68900.00,2025-Q4,ERP rebate detail for Project Danube
00870,Customer 870,RB-870,68900.00,2025-Q4,ERP rebate detail for Project Danube
00871,Customer 871,RB-871,68900.00,2025-Q4,ERP rebate detail for Project Danube
00872,Customer 872,RB-872,68900.00,2025-Q4,ERP rebate detail for Project Danube
00873,Customer 873,RB-873,68900.00,2025-Q4,ERP rebate detail for Project Danube
00874,Customer 874,RB-874,68900.00,2025-Q4,ERP rebate detail for Project Danube
00875,Customer 875,RB-875,68900.00,2025-Q4,ERP rebate detail for Project Danube
00876,Customer 876,RB-876,68900.00,2025-Q4,ERP rebate detail for Project Danube
00877,Customer 877,RB-877,68900.00,2025-Q4,ERP rebate detail for Project Danube
00878,Customer 878,RB-878,68900.00,2025-Q4,ERP rebate detail for Project Danube
00879,Customer 879,RB-879,68900.00,2025-Q4,ERP rebate detail for Project Danube
00880,Customer 880,RB-880,68900.00,2025-Q4,ERP rebate detail for Project Danube
00881,Customer 881,RB-881,68900.00,2025-Q4,ERP rebate detail for Project Danube
00882,Customer 882,RB-882,68900.00,2025-Q4,ERP rebate detail for Project Danube
00883,Customer 883,RB-883,68900.00,2025-Q4,ERP rebate detail for Project Danube
00884,Customer 884,RB-884,68900.00,2025-Q4,ERP rebate detail for Project Danube
00885,Customer 885,RB-885,70300.00,2025-Q4,ERP rebate detail for Project Danube
TOTAL,Control total,RB-TOTAL,5100000.00,2025-FY,Rows 812-885 total exactly EUR 5,100,000.00
